"動畫名","總觀看數","平均觀看數","年份","月份","集數","星級","評分人數","導演監督","製作廠商","作品分類1","作品分類2","作品分類3","作品分類4","作品分類5","作品分類6","原作載體","新續作"
"叫我對大哥 (TV版)",217000,18083,"2021","夏番",12,"4.8",627,"青木純","Fanworks、SPACE NEKO COMPANY","喜劇","悠閒","泡麵番","闔家觀賞",NULL,NULL,"漫畫改編","新作"
"汪汪與喵喵",66000,2750,"2020","秋番",24,"4.8",203,"岸誠二","Team Till Dawn","喜劇","溫馨","泡麵番","闔家觀賞",NULL,NULL,"漫畫改編","新作"
"鬼滅之刃 刀匠村篇",5488000,498909,"2023","春番",11,"4.8",18562,"外崎春雄","ufotable","動作","冒險","奇幻","血腥暴力",NULL,NULL,"漫畫改編","續作"
"IDOLiSH7 - 偶像星願 - Third BEAT！",560000,18667,"2021","夏番",30,"4.8",1274,"別所誠人","TROYCA","偶像","音樂",NULL,NULL,NULL,NULL,"遊戲改編","續作"
"薄櫻鬼 新OVA",49000,16333,"2021","秋番",3,"4.8",307,"ヤマサキオサム","Studio DEEN","奇幻","戀愛","歷史",NULL,NULL,NULL,"遊戲改編","續作"
"機戰少女 Alice Expansion",94000,7833,"2023","春番",12,"4.5",681,"花井宏和","NOMAD","科幻","機甲","喜劇",NULL,NULL,NULL,"遊戲改編","新作"
"機動戰士鋼彈 水星的魔女 Season 2",1451000,120917,"2023","春番",12,"4.9",8597,"⼩林寬","SUNRISE","科幻","機甲","校園","戰爭",NULL,NULL,"原創作品","續作"
"小鳥之翼 第二季",151000,12583,"2023","春番",12,"4.8",1254,"稲垣隆行","BN Pictures","運動","競技",NULL,NULL,NULL,NULL,"原創作品","續作"
"境界服務",13000,1083,"2023","春番",12,"3.8",84,"迫井政行","Studio 3Hz","動作","科幻","喜劇","職場",NULL,NULL,"原創作品","新作"
"真・進化果實～不知不覺踏上勝利的人生～",472000,39333,"2023","冬番",12,"2.9",3220,"奧村吉昭","HOTLINE","冒險","奇幻",NULL,NULL,NULL,NULL,"小說改編","新作"
"DECA - DENCE",1663000,127923,"2020","春番",13,"4.9",6050,"立川讓","NUT","動作","冒險","科幻",NULL,NULL,NULL,"原創作品","新作"
"噴嚏大魔王 2020",66000,3300,"2020","春番",20,"4.2",128,"濁川敦","タツノコプロ・日本アニメーション","冒險","喜劇","闔家觀賞",NULL,NULL,NULL,"原創作品","新作"
"BUILD-DIVIDE -#000000- CODE BLACK",194000,16167,"2021","秋番",12,"3.9",584,"駒田由貴","LIDENFILMS","超能力","科幻","競技",NULL,NULL,NULL,"原創作品","新作"
"在地下城尋求邂逅是否搞錯了什麼 第三季",4113000,316385,"2020","秋番",13,"4.8",5474,"橘秀樹","J.C.STAFF","動作","冒險","奇幻",NULL,NULL,NULL,"小說改編","續作"
"我家的英雄",607000,50583,"2023","春番",12,"4.8",3902,"龜井隆","手塚製作","親情","懸疑","黑暗",NULL,NULL,NULL,"漫畫改編","新作"
"屍體如山的死亡遊戲",2678000,133900,"2023","春番",20,"4.8",10096,"小野學","GEEK TOYS","動作","冒險","異世界","血腥暴力",NULL,NULL,"漫畫改編","續作"
"【我推的孩子】",7065000,642273,"2023","春番",11,"4.9",52618,"平牧大輔","動畫工房 (DOGAKOBO)","親情","偶像","懸疑",NULL,NULL,NULL,"漫畫改編","新作"
"擁有超常技能的異世界流浪美食家",3465000,288750,"2023","冬番",12,"4.9",22064,"松田清","MAPPA","冒險","奇幻","異世界","料理",NULL,NULL,"小說改編","新作"
"久保同學不放過我",1412000,117667,"2023","冬番",12,"4.9",12679,"古賀一臣","PINE JAM","校園","戀愛","青春",NULL,NULL,NULL,"漫畫改編","新作"
"狩火之王",163000,16300,"2023","冬番",10,"4.7",923,"西村純二","SIGNAL.MD","冒險","奇幻",NULL,NULL,NULL,NULL,"小說改編","新作"
"被解僱的暗黑士兵（30多歲）開始了慢生活的第二人生",1403000,116917,"2023","冬番",12,"4.7",5272,"追崎史敏","ENCOURAGE FILMS","冒險","奇幻",NULL,NULL,NULL,NULL,"小說改編","新作"
"艦隊 Collection 總有一天，在那片海",14000,1750,"2022","秋番",8,"4.3",182,"三浦和也","ENGI","機甲","歷史","戰爭",NULL,NULL,NULL,"遊戲改編","續作"
"絆之 Allele",103000,8583,"2023","春番",12,"4.2",1251,"駒屋健一郎","WIT STUDIO×SIGNAL.MD","校園","偶像","音樂",NULL,NULL,NULL,"原創作品","新作"
"在地下城尋求邂逅是否搞錯了什麼 第四季",5268000,229043,"2023","冬番",23,"4.8",13058,"橘秀樹","J.C.STAFF","動作","冒險","奇幻",NULL,NULL,NULL,"小說改編","續作"
"魔法使的新娘 第二季",1067000,50810,"2023","春番",21,"4.9",5124,"寺澤和晃","STUDIO KAFKA","冒險","奇幻","魔法","戀愛","溫馨",NULL,"漫畫改編","續作"
"MIX 第二季 ~第二個夏天，邁向晴空~",170000,7083,"2023","春番",24,"4.6",565,"神谷智大","OLM","校園","青春","勵志","運動","競技",NULL,"漫畫改編","續作"
"吸血鬼馬上死 第二季",467000,38917,"2023","冬番",12,"4.9",2965,"神志那弘志","MADHOUSE","奇幻","喜劇","靈異神怪",NULL,NULL,NULL,"漫畫改編","續作"
"魔王學院的不適任者～史上最強的魔王始祖，轉生就讀子孫們的學校～第二季",1718000,143167,"2023","冬番",12,"4.6",6500,"大沼心、田村正文","SILVER LINK.","冒險","奇幻",NULL,NULL,NULL,NULL,"小說改編","續作"
"給不滅的你 第二季",931000,46550,"2022","秋番",20,"4.9",3696,"佐山聖子","Drive","冒險","奇幻","感人",NULL,NULL,NULL,"漫畫改編","續作"
"尼爾：自動人形 Ver1.1a",1099000,91583,"2023","冬番",12,"4.9",7812,"益山亮司","A-1 Pictures","動作","科幻","黑暗",NULL,NULL,NULL,"遊戲改編","新作"
"呆萌酷男孩",1190000,49583,"2022","秋番",24,"4.9",4704,"今千秋","Studio Pierrot","喜劇","青春","悠閒",NULL,NULL,NULL,"漫畫改編","新作"
"她來自煩星",938000,40783,"2022","秋番",23,"4.9",4687,"高橋秀彌、木村泰大","david production","喜劇","戀愛",NULL,NULL,NULL,NULL,"漫畫改編","新作"
"我與機器子",1509000,53893,"2022","秋番",28,"4.9",5440,"大地丙太郎","GALLOP","喜劇","泡麵番",NULL,NULL,NULL,NULL,"漫畫改編","新作"
"藍色監獄",4921000,205042,"2022","秋番",24,"4.9",12292,"渡邊徹明、石川俊介","8bit","動作","運動","競技",NULL,NULL,NULL,"漫畫改編","新作"
"夫婦以上，戀人未滿",1480000,123333,"2022","秋番",12,"4.8",8497,"山元隼一","studio MOTHER","校園","戀愛","青春",NULL,NULL,NULL,"漫畫改編","新作"
"英雄王，為了窮盡武道而轉生～而後成為世界最強見習騎士♀～",1659000,138250,"2023","冬番",12,"4.4",7068,"葛谷直行","STUDIO COMET","冒險","奇幻",NULL,NULL,NULL,NULL,"小說改編","新作"
"妖幻三重奏",374000,31167,"2023","冬番",12,"4.8",2641,"秋田谷典昭","CONNECT","校園","喜劇","戀愛","靈異神怪",NULL,NULL,"漫畫改編","新作"
"路人超能 100 第三季",1942000,161833,"2022","秋番",12,"5",13968,"立川讓、蓮井隆弘","BONES","動作","超能力","勵志","溫馨","感人","靈異神怪","漫畫改編","續作"
"MUV-LUV ALTERNATIVE 第二季",228000,19000,"2022","秋番",12,"4.5",916,"西本由紀夫","FLAGSHIP LINE×夢太公司×Graphinica","科幻","機甲","戀愛",NULL,NULL,NULL,"遊戲改編","續作"
"物之古物奇譚",1261000,52542,"2023","冬番",24,"4.8",4895,"木村隆一","BN Pictures","奇幻","靈異神怪",NULL,NULL,NULL,NULL,"漫畫改編","續作"
"烙印勇士 黃金時代篇 MEMORIAL EDITION 年齡限制版",217000,16692,"2022","秋番",13,"4.7",1450,"佐野雄太","STUDIO４℃","冒險","奇幻","戰爭","血腥暴力","黑暗","18禁","漫畫改編","續作"
"眾神眷顧的男人 2",971000,80917,"2023","冬番",12,"4.4",3341,"柳瀨雄之","MAHO FILM","冒險","奇幻",NULL,NULL,NULL,NULL,"小說改編","新作"
"Buddy Daddies 殺手奶爸",820000,63077,"2023","冬番",13,"4.9",5545,"浅井義之","P.A.WORKS","動作","喜劇","溫馨",NULL,NULL,NULL,"原創作品","新作"
"聖劍傳說 Legend of Mana - The Teardrop Crystal -",158000,12154,"2022","秋番",13,"3.9",679,"神保昌登","Graphinica、橫浜動畫研究所","冒險","奇幻",NULL,NULL,NULL,NULL,"原創作品","新作"
"鏈鋸人",1219000,101583,"2022","秋番",12,"4.8",11573,"中山龍","MAPPA","動作","血腥暴力",NULL,NULL,NULL,NULL,"漫畫改編","新作"
"我想成為影之強者！",8684000,434200,"2022","秋番",20,"4.9",26016,"中西和也","Nexus","動作","奇幻","異世界","魔法","校園","血腥暴力","小說改編","新作"
"我的英雄學院 第六季",3882000,155280,"2022","秋番",25,"4.8",9025,"長崎健司、向井雅浩","BONES","動作","超能力","校園","勵志",NULL,NULL,"漫畫改編","續作"
"孤獨搖滾！",7579000,631583,"2022","秋番",12,"5",44820,"齋藤圭一郎","CloverWorks","校園","喜劇","青春","勵志","音樂",NULL,"漫畫改編","新作"
"PUI PUI 天竺鼠車車 駕訓班篇",385000,32083,"2022","秋番",12,"4.8",2535,"小野花","新銳動畫、Japan Green Hearts","喜劇","溫馨","悠閒","闔家觀賞","泡麵番",NULL,"原創作品","續作"
"銀砂糖師與黑妖精～sugar apple fairy tale～",1044000,43500,"2023","冬番",24,"4.6",4199,"鈴木洋平","J.C.STAFF","冒險","奇幻","戀愛",NULL,NULL,NULL,"小說改編","續作"
"冰屬性男子與無表情女子",1038000,86500,"2023","冬番",12,"4.9",7726,"萬球","ZERO-G×Liber","奇幻","戀愛","職場",NULL,NULL,NULL,"漫畫改編","新作"
"TRIGUN STAMPEDE",577000,48083,"2023","冬番",12,"4.9",3935,"武藤健司","Orange","動作","冒險","科幻",NULL,NULL,NULL,"漫畫改編","續作"
"鍵等 第二季",148000,12333,"2022","春番",12,"4.8",834,"坂本一也","LIDENFILMS 京都 Studio","校園","喜劇","泡麵番",NULL,NULL,NULL,"遊戲改編","續作"
"新網球王子 U-17 世界盃",260000,20000,"2022","夏番",13,"4",605,"川口敬一郎","Studio KAI","超能力","校園","青春","運動","競技",NULL,"漫畫改編","續作"
"奇米萌 CHIMIMO",83000,6917,"2022","夏番",12,"4.9",713,"ぴのあると","新銳動畫","喜劇","溫馨","悠閒",NULL,NULL,NULL,"原創作品","新作"
"憂國的莫里亞蒂 OVA",52000,26000,"2022","春番",2,"4.9",752,"","Production I.G","推理","懸疑",NULL,NULL,NULL,NULL,"漫畫改編","續作"
"輝夜姬想讓人告白 ー超級浪漫ー",5299000,407615,"2022","春番",13,"5",26942,"畠山守","A-1 Pictures","校園","喜劇","戀愛",NULL,NULL,NULL,"漫畫改編","續作"
"式守同學不只可愛而已",2576000,184000,"2022","春番",14,"4.8",13142,"伊藤良太","動画工房","校園","戀愛",NULL,NULL,NULL,NULL,"漫畫改編","新作"
"歡迎來到實力至上主義的教室 第二季",4060000,312308,"2022","夏番",13,"4.6",12666,"岸誠二、橋本裕之、仁昌寺義人","Lerche","校園","懸疑","黑暗",NULL,NULL,NULL,"小說改編","續作"
"關於我在無意間被隔壁的天使變成廢柴這件事",2380000,198333,"2023","冬番",12,"4.7",13152,"王麗花","project No.9","校園","戀愛","溫馨",NULL,NULL,NULL,"小說改編","新作"
"轉生公主與天才千金的魔法革命",2033000,169417,"2023","冬番",12,"4.9",15431,"玉木慎吾","diomedéa","冒險","奇幻","異世界","戀愛","GL",NULL,"小說改編","新作"
"不當哥哥了！",1618000,134833,"2023","冬番",12,"4.9",10981,"藤井慎吾","Studio Bind","校園","喜劇","親情",NULL,NULL,NULL,"漫畫改編","新作"
"不要欺負我，長瀞同學 2nd Attack",673000,56083,"2023","冬番",12,"4.9",4462,"後信治","OLM","校園","喜劇","戀愛","青春",NULL,NULL,"漫畫改編","續作"
"女忍者椿的心事",881000,67769,"2022","春番",13,"4.9",5318,"角地拓大","CloverWorks","動作","校園","喜劇","戀愛",NULL,NULL,"漫畫改編","新作"
"愛在征服世界後",1247000,103917,"2022","春番",12,"4.9",7730,"いわたかずや","project No.9","動作","喜劇","戀愛","特攝",NULL,NULL,"漫畫改編","新作"
"這個僧侶有夠煩",772000,64333,"2022","春番",12,"4.4",6200,"中西伸彰","壽門堂","冒險","奇幻","魔法","喜劇",NULL,NULL,"漫畫改編","新作"
"境界戰機 第二部",187000,15583,"2022","春番",12,"4.1",504,"羽原信義","BANDAI SPIRITS、SUNRISE BEYOND","科幻","機甲",NULL,NULL,NULL,NULL,"原創作品","續作"
"冰冰冰 冰淇淋君 第二季",15000,1250,"2022","夏番",12,"3.4",141,"松村樹里亜","新銳動畫","溫馨","闔家觀賞",NULL,NULL,NULL,NULL,"原創作品","續作"
"SPY×FAMILY 間諜家家酒",17603000,704120,"2022","春番",25,"4.9",52703,"古橋一浩","WIT STUDIO×CloverWorks","動作","喜劇","親情",NULL,NULL,NULL,"漫畫改編","續作"
"出租女友 第二季",1432000,119333,"2022","夏番",12,"4.6",6685,"古賀一臣","TMS Entertainment","喜劇","戀愛","青春",NULL,NULL,NULL,"漫畫改編","續作"
"杜鵑婚約",2512000,54609,"2022","春番",46,"4.8",6685,"赤城博昭","新銳動畫 Synergy SP","校園","戀愛","青春",NULL,NULL,NULL,"漫畫改編","新作"
"Lycoris Recoil 莉可麗絲",6219000,478385,"2022","夏番",13,"4.9",36389,"足立慎吾","A-1 Pictures","動作","科幻",NULL,NULL,NULL,NULL,"原創作品","新作"
"OVERLORD 第四季",4503000,346385,"2022","夏番",13,"4.9",14693,"伊藤尚往","MADHOUSE","冒險","奇幻","異世界","魔法",NULL,NULL,"小說改編","續作"
"異世界迷宮裡的後宮生活",1179000,98250,"2022","夏番",12,"4.2",4595,"龍輪直征","パッショーネ","冒險","奇幻","異世界",NULL,NULL,NULL,"小說改編","新作"
"轉生賢者的異世界生活～取得第二職業，成為世界最強～",1503000,125250,"2022","夏番",12,"3.4",5608,"小嶋慶祐","REVOROOT","冒險","奇幻","異世界",NULL,NULL,NULL,"小說改編","新作"
"史上最強大魔王轉生為村民 A",2246000,187167,"2022","春番",12,"3.3",8169,"湊未來","SILVER LINK.×BLADE","冒險","奇幻","魔法",NULL,NULL,NULL,"小說改編","新作"
"新 忍者哈特利 第六季",28000,1077,"2022","冬番",26,"4",28,"やすみ哲夫","Shambhoo S.Phaike","喜劇","悠閒","親情","闔家觀賞",NULL,NULL,"漫畫改編","續作"
"新 忍者哈特利 第五季",29000,1115,"2022","冬番",26,"3.2",32,"やすみ哲夫","Shambhoo S.Phaike","喜劇","悠閒","親情","闔家觀賞",NULL,NULL,"漫畫改編","續作"
"BUILD-DIVIDE -#FFFFFF- CODE WHITE",83000,6917,"2022","春番",12,"4.4",385,"駒田由貴","LIDENFILMS","超能力","科幻","競技",NULL,NULL,NULL,"原創作品","續作"
"異世界悠閒農家",2888000,240667,"2023","冬番",12,"4.9",13249,"倉谷涼一","ZERO-G","異世界","魔法","悠閒",NULL,NULL,NULL,"小說改編","新作"
"小智是女孩啦！",1293000,99462,"2023","冬番",13,"4.9",7482,"難波日登志","Lay-duce","校園","戀愛",NULL,NULL,NULL,NULL,"漫畫改編","新作"
"萬事屋齋藤先生轉生異世界",432000,36000,"2023","冬番",12,"4.9",3304,"窪岡俊之","C2C","冒險","奇幻","異世界",NULL,NULL,NULL,"漫畫改編","新作"
"小鳥之翼",272000,20923,"2022","春番",13,"4.8",1514,"稻垣隆行","BN Pictures","運動","競技",NULL,NULL,NULL,NULL,"原創作品","新作"
"群青的開幕曲",146000,11231,"2022","春番",13,"4.3",774,"加藤誠","Lay-duce","校園","競技",NULL,NULL,NULL,NULL,"原創作品","新作"
"勇者、辭職不幹了",2548000,212333,"2022","春番",12,"4.7",11184,"信田ユウ、石井久志","EMT Squared","動作","冒險","奇幻",NULL,NULL,NULL,"小說改編","續作"
"Love Live！虹咲學園 學園偶像同好會 第二季",375000,28846,"2022","春番",13,"4.8",2291,"公野櫻子","SUNRISE","校園","青春","勵志","偶像","音樂",NULL,"漫畫改編","續作"
"盾之勇者成名錄 Season 2",2280000,175385,"2022","春番",13,"3.8",7693,"神保昌登","KINEMA CITRUS、DRMOVIE","冒險","奇幻","異世界","魔法",NULL,NULL,"小說改編","續作"
"女性向遊戲世界對路人角色很不友好",1555000,129583,"2022","春番",12,"4.7",6055,"三浦和也、福元しんいち","ENGI","奇幻","校園","戀愛",NULL,NULL,NULL,"小說改編","新作"
"處刑少女的生存之道",1228000,102333,"2022","春番",12,"4.7",6245,"川崎芳樹","J.C.STAFF","動作","異世界","血腥暴力",NULL,NULL,NULL,"小說改編","新作"
"骸骨騎士大人異世界冒險中",3509000,292417,"2022","春番",12,"4.8",12662,"小野勝巳","Studio KAI×HORNETS","動作","冒險","奇幻","異世界",NULL,NULL,"小說改編","新作"
"魔法使黎明期",854000,71167,"2022","春番",12,"4.3",2762,"桑原智","手塚プロダクション","奇幻","魔法","校園",NULL,NULL,NULL,"小說改編","新作"
"相合之物",899000,74917,"2022","春番",12,"4.9",6384,"追崎史敏","ENCOURAGE FILMS","溫馨","悠閒","料理","親情","職場",NULL,"漫畫改編","新作"
"文豪野犬 第四季",165000,12692,"2023","冬番",13,"4.9",614,"五十嵐卓哉","BONES","動作","超能力",NULL,NULL,NULL,NULL,"漫畫改編","續作"
"間諜教室",1215000,50625,"2023","冬番",24,"4.3",6142,"川口敬一郎","feel.","動作","校園","推理",NULL,NULL,NULL,"小說改編","續作"
"阿魯斯的巨獸",342000,28500,"2023","冬番",12,"4.5",2019,"小黑晃","旭Production","冒險","奇幻",NULL,NULL,NULL,NULL,"原創作品","新作"
"再得一勝！",174000,13385,"2023","冬番",13,"4.9",1491,"荻原健","BAKKEN RECORD","青春","勵志","運動","競技",NULL,NULL,"漫畫改編","新作"
"秘密內幕-女警的反擊",559000,43000,"2022","冬番",13,"4.9",3460,"佐藤雄三","MADHOUSE","溫馨","職場",NULL,NULL,NULL,NULL,"漫畫改編","新作"
"燒窯的話也要馬克杯 第二季",77000,3208,"2021","秋番",24,"4.6",291,"神谷純","日本 Animation","校園","溫馨",NULL,NULL,NULL,NULL,"漫畫改編","續作"
"最遊記 RELOAD -ZEROIN-",180000,13846,"2022","冬番",13,"4.6",654,"高田美里","LIDENFILMS","動作","冒險","奇幻","靈異神怪",NULL,NULL,"漫畫改編","續作"
"鬼滅之刃 遊郭篇",10212000,928364,"2021","秋番",11,"4.9",17959,"外崎春雄","ufotable","動作","冒險","奇幻","血腥暴力",NULL,NULL,"漫畫改編","續作"
"不相信人類的冒險者們好像要去拯救世界",995000,82917,"2023","冬番",12,"4.1",4210,"伊魔崎齋","GEEK TOYS","冒險","奇幻",NULL,NULL,NULL,NULL,"小說改編","新作"
"最強陰陽師的異世界轉生記",3032000,233231,"2023","冬番",13,"4.6",10008,"澀谷亮介","Studio Blanc.","冒險","奇幻",NULL,NULL,NULL,NULL,"小說改編","新作"
"冰劍的魔術師將要統一世界",1157000,96417,"2023","冬番",12,"3.3",5841,"高田昌弘","CLOUD HEARTS","冒險","奇幻",NULL,NULL,NULL,NULL,"小說改編","新作"
"D4DJ All Mix",124000,10333,"2023","冬番",12,"4.9",941,"水島精二、鈴木大介","三次元","校園","青春","偶像","音樂",NULL,NULL,"遊戲改編","續作"
"半妖的夜叉姬 第二季",958000,39917,"2021","秋番",24,"3.8",1120,"菱田正和","SUNRISE","冒險","靈異神怪",NULL,NULL,NULL,NULL,"漫畫改編","續作"
"HIGH CARD 至高之牌",41000,3417,"2023","冬番",12,"4.7",229,"和田純一","雲雀工作室","動作","超能力",NULL,NULL,NULL,NULL,"原創作品","新作"
"英雄傳說 閃之軌跡：北方戰役",194000,16167,"2023","冬番",12,"4.2",856,"佐藤英一","龍之子製作","冒險","奇幻","戰爭",NULL,NULL,NULL,"遊戲改編","新作"
"UniteUp! 眾星齊聚",132000,11000,"2023","冬番",12,"4.8",914,"牛嶋新一郎","CloverWorks","偶像","音樂",NULL,NULL,NULL,NULL,"原創作品","新作"
"TechnoRoid 超越意志",77000,6417,"2023","冬番",12,"4.3",541,"イムガヒ","動畫工房","科幻","偶像","音樂",NULL,NULL,NULL,"原創作品","新作"
"Love Live！虹咲學園 學園偶像同好會 短篇動畫",83000,6917,"2023","冬番",12,"4.8",979,"堀內勇治","SUNRISE","校園","青春",NULL,NULL,NULL,NULL,"漫畫改編","新作"
"平凡職業造就世界最強 第二季",2381000,158733,"2022","冬番",15,"4.7",7039,"岩永彰","asread.×studio MOTHER","動作","冒險","奇幻","異世界","魔法",NULL,"小說改編","續作"
"卡片戰鬥!! 先導者 overdress 第二季",37000,2846,"2021","秋番",13,"3.4",145,"森賢","Kinema Citrus、ぎふとアニメーション、STUDIOJEMI","校園","競技",NULL,NULL,NULL,NULL,"遊戲改編","續作"
"加油吧同期醬",939000,78250,"2021","夏番",12,"4.9",3431,"古賀一臣","AtelierPontdarc","戀愛","職場",NULL,NULL,NULL,NULL,"漫畫改編","新作"
"SELECTION PROJECT",276000,21231,"2021","秋番",13,"4.8",1725,"平牧大輔","動畫工房","校園","青春","偶像","音樂",NULL,NULL,"原創作品","新作"
"緋紅結繫",615000,23654,"2021","春番",26,"3.5",890,"西村博之","SUNRISE","冒險","超能力","科幻","時間穿越",NULL,NULL,"遊戲改編","新作"
"急戰 5 秒殊死鬥",1371000,114250,"2021","夏番",12,"4.2",2510,"内藤明吾","SynergySP、ベガエンタテイメント","超能力","競技","血腥暴力",NULL,NULL,NULL,"漫畫改編","新作"
"川尻小玉的懶散生活",238000,9917,"2022","冬番",24,"4.6",975,"金子伸吾","Lapin Track","喜劇","泡麵番",NULL,NULL,NULL,NULL,"漫畫改編","新作"
"擅長捉弄人的高木同學 第三季",1231000,102583,"2022","冬番",12,"5",10857,"赤城博昭","シンエイ動画","校園","喜劇","戀愛","青春",NULL,NULL,"漫畫改編","續作"
"結城友奈是勇者 大滿開之章",217000,18083,"2021","秋番",12,"4.8",1027,"岸誠二","Studio 五組","冒險","魔法","校園","血腥暴力",NULL,NULL,"原創作品","續作"
"我立於百萬生命之上 第二季",1115000,92917,"2021","夏番",12,"4",1821,"羽原久美子","MAHO FILM","動作","冒險","奇幻","異世界","魔法",NULL,"漫畫改編","續作"
"機戰少女 Alice OVA",7277,2426,"2021","夏番",3,"4.4",102,"花井宏和","NOMAD","科幻","機甲","喜劇",NULL,NULL,NULL,"遊戲改編","新作"
"幻想三國誌 — 天元靈心記",107000,8917,"2022","冬番",12,"3.4",732,"町谷俊輔","GEEKTOYS","冒險","奇幻",NULL,NULL,NULL,NULL,"遊戲改編","新作"
"白沙的 Aquatope",1132000,47167,"2021","夏番",24,"4.9",4859,"篠原俊哉","P.A.WORKS","青春","勵志","職場",NULL,NULL,NULL,"原創作品","新作"
"Futsal Boys！！！！！",77000,6417,"2022","冬番",12,"2.9",377,"ひいろゆきな","diomedéa","青春","運動","競技",NULL,NULL,NULL,"原創作品","新作"
"自稱賢者弟子的賢者",1330000,110833,"2022","冬番",12,"2.6",8005,"元永慶太郎","studio A-CAT","冒險","奇幻","異世界",NULL,NULL,NULL,"小說改編","新作"
"戀上換裝娃娃",7591000,632583,"2022","冬番",12,"5",41233,"篠原啓輔","CloverWorks","校園","戀愛","青春",NULL,NULL,NULL,"漫畫改編","新作"
"憂國的莫里亞蒂 第一季 後半",601000,46231,"2021","冬番",13,"4.9",1967,"野村和也","Production I.G","推理","懸疑",NULL,NULL,NULL,NULL,"漫畫改編","新作"
"持續狩獵史萊姆三百年，不知不覺就練到 LV MAX",2680000,223333,"2021","春番",12,"4.8",5230,"木村延景","REVOROOT","冒險","奇幻","異世界","魔法",NULL,NULL,"小說改編","新作"
"國高中一貫！！鬼滅學園物語",307000,43857,"2021","冬番",7,"4.2",621,"外崎春雄","ufotable","校園","青春","闔家觀賞","泡麵番",NULL,NULL,"漫畫改編","新作"
"變身成黑辣妹之後就和死黨上床了",622000,77750,"2021","春番",8,"3.6",865,"ちょっこう","いらゐあす","戀愛","BL","泡麵番",NULL,NULL,NULL,"漫畫改編","新作"
"NOMAD MEGALOBOX 機甲拳擊 第二季",415000,31923,"2021","春番",13,"4.9",1658,"森山洋","TMS Entertainment","機甲","運動","競技",NULL,NULL,NULL,"原創作品","新作"
"入間同學入魔了！第二季",4738000,225619,"2021","春番",21,"4.9",5683,"森脇真琴","Bandai Namco Pictures","冒險","奇幻","校園","喜劇","靈異神怪",NULL,"漫畫改編","續作"
"異世界魔王與召喚少女的奴隸魔術 Ω",1405000,140500,"2021","春番",10,"4.6",2393,"桑原智","手塚製作公司、Okuruto Noboru","冒險","奇幻","異世界","魔法","喜劇",NULL,"小說改編","續作"
"天才王子的赤字國家重生術",2427000,202250,"2022","冬番",12,"4.8",9269,"玉川真人","橫濱動畫研究所","奇幻","喜劇","戰爭",NULL,NULL,NULL,"小說改編","新作"
"食鏽末世錄",707000,58917,"2022","冬番",12,"4.3",2872,"碇谷敦","OZ","動作","冒險",NULL,NULL,NULL,NULL,"小說改編","新作"
"與變成了異世界美少女的大叔一起冒險",1871000,155917,"2022","冬番",12,"4.9",8106,"山井紗也香","OLM Team Yoshioka","冒險","奇幻","異世界","魔法","喜劇",NULL,"漫畫改編","新作"
"失格紋的最強賢者",1734000,144500,"2022","冬番",12,"3.1",6758,"秋田谷典昭","J.C.STAFF","冒險","奇幻","魔法",NULL,NULL,NULL,"小說改編","新作"
"東京復仇者",4473000,178920,"2021","冬番",25,"4.4",4314,"初見浩一","LIDENFILMS","動作","推理","懸疑","時間穿越",NULL,NULL,"漫畫改編","續作"
"Fate/Grand Carnival",316000,158000,"2021","春番",2,"4.9",3155,"岸 誠二","Lerche","奇幻","喜劇",NULL,NULL,NULL,NULL,"遊戲改編","新作"
"搖曳露營△ 第二季",1685000,129615,"2021","冬番",13,"5",8112,"京極義昭","C-Station","溫馨","悠閒","料理","闔家觀賞",NULL,NULL,"漫畫改編","續作"
"工作細胞 第二季",1052000,131500,"2021","冬番",8,"4.8",1905,"小倉宏文","david production","動作","喜劇","闔家觀賞",NULL,NULL,NULL,"漫畫改編","續作"
"無職轉生，到了異世界就拿出真本事",12968000,540333,"2021","冬番",24,"4.9",25806,"岡本学","StudioBind","動作","冒險","奇幻","異世界","魔法",NULL,"小說改編","新作"
"突然降臨的埃及神",119000,11900,"2020","秋番",10,"4.9",529,"菊池カツヤ","颱風グラフィックス","奇幻","喜劇","悠閒","闔家觀賞",NULL,NULL,"漫畫改編","新作"
"工作細胞 Black",1676000,128923,"2021","冬番",13,"4.8",2559,"山本秀世","LIDENFILMS","動作","喜劇","血腥暴力","黑暗",NULL,NULL,"漫畫改編","新作"
"ICHU 偶像進行曲",80000,6667,"2021","冬番",12,"4.6",182,"難波日登志","Lay-duce","校園","青春","偶像","音樂",NULL,NULL,"遊戲改編","新作"
"Praeter 之傷",134000,10308,"2021","冬番",13,"3.6",227,"鈴木信吾","GoHands","動作",NULL,NULL,NULL,NULL,NULL,"原創作品","新作"
"相愛相殺",633000,52750,"2022","冬番",12,"4.6",2431,"大庭秀昭","Platinum Vision","動作","戀愛","職場",NULL,NULL,NULL,"漫畫改編","新作"
"白領羽球部",509000,42417,"2022","冬番",12,"4.8",2129,"山内愛彌","LIDENFILMS","運動","職場",NULL,NULL,NULL,NULL,"原創作品","新作"
"明日同學的水手服",1233000,102750,"2022","冬番",12,"4.9",10489,"黑木美幸","CloverWorks","校園","青春","勵志","溫馨",NULL,NULL,"漫畫改編","新作"
"闇芝居 第十季",84000,6462,"2022","冬番",13,"3.5",210,"ILCA","ILCA","懸疑","靈異神怪","泡麵番",NULL,NULL,NULL,"改編作品","續作"
"怪人開發部的黑井津小姐",939000,78250,"2022","冬番",12,"4.8",5176,"齋藤久","Quad","科幻","喜劇","職場","特攝",NULL,NULL,"漫畫改編","新作"
"TRIBE NINE",186000,15500,"2022","冬番",12,"4",664,"青木悠","LIDENFILMS","動作","科幻","運動",NULL,NULL,NULL,"原創作品","新作"
"佐佐木與宮野",749000,57615,"2022","冬番",13,"4.8",3480,"石平信司","Studio DEEN","校園","青春","BL",NULL,NULL,NULL,"漫畫改編","新作"
"約定的夢幻島 第二季",1752000,146000,"2021","冬番",12,"3.4",3747,"神戶守","CloverWorks","冒險","懸疑","黑暗",NULL,NULL,NULL,"漫畫改編","續作"
"廚神小當家 第二季",357000,29750,"2021","冬番",12,"2.4",441,"川崎逸朗","NAS","料理","競技",NULL,NULL,NULL,NULL,"漫畫改編","續作"
"大人的防具店 第二季",206000,17167,"2021","冬番",12,"4.1",357,"山元隼一","IMAGICA Lab.","喜劇","職場","泡麵番",NULL,NULL,NULL,"漫畫改編","續作"
"Dr.STONE 新石紀 第二季",2552000,232000,"2021","冬番",11,"4.9",4342,"飯野慎也","TMS Entertainment","動作","冒險","奇幻","科幻","勵志",NULL,"漫畫改編","續作"
"派對咖孔明",1212000,101000,"2022","冬番",12,"4.9",8167,"本間修","P.A. WORKS","喜劇","勵志","音樂","時間穿越",NULL,NULL,"漫畫改編","新作"
"薔薇王的葬列",158000,6320,"2022","冬番",25,"3.8",585,"鈴木健太郎","J.C.STAFF","戀愛","歷史","戰爭",NULL,NULL,NULL,"漫畫改編","新作"
"少女前線",238000,19833,"2022","冬番",12,"4.3",1080,"上田繁","旭プロダクション","動作","科幻","戰爭",NULL,NULL,NULL,"遊戲改編","新作"
"東京 24 區",220000,18333,"2022","冬番",12,"4",962,"津田尚克","CloverWorks","科幻","懸疑",NULL,NULL,NULL,NULL,"漫畫改編","新作"
"東方少年",330000,27500,"2022","冬番",12,"3.9",859,"柳澤哲也","A.C.G.T","動作","冒險","靈異神怪",NULL,NULL,NULL,"漫畫改編","新作"
"幼女社長",140000,9333,"2021","冬番",15,"4.7",384,"いわたかずや","project No.9","喜劇","悠閒","職場","泡麵番",NULL,NULL,"漫畫改編","新作"
"暮蟬悲鳴時 業",1914000,79750,"2020","秋番",24,"4.8",2904,"川口敬一郎","Passione","推理","懸疑","血腥暴力","靈異神怪","黑暗",NULL,"遊戲改編","續作"
"WAVE!! ~來衝浪吧!!~",92000,7667,"2020","秋番",12,"3.6",173,"尾崎隆晴","旭 Production","青春","勵志","運動",NULL,NULL,NULL,"原創作品","新作"
"擾亂 THE PRINCESS OF SNOW AND BLOOD",170000,14167,"2021","冬番",12,"4",423,"工藤進","BAKKEN RECORD","動作","冒險","奇幻",NULL,NULL,NULL,"原創作品","新作"
"魔法水果籃 最終季",998000,76769,"2021","冬番",13,"4.9",1980,"井端義秀","TMS Entertainment","奇幻","校園","戀愛","溫馨","親情",NULL,"漫畫改編","續作"
"我的英雄學院 第五季",5965000,238600,"2021","冬番",25,"4.8",4433,"長崎健司、向井雅浩","BONES","動作","超能力","校園","勵志",NULL,NULL,"漫畫改編","續作"
"BACK ARROW",668000,27833,"2021","冬番",24,"4.7",1526,"谷口悟朗","Studio VOLN","動作","冒險","機甲","戰爭",NULL,NULL,"原創作品","新作"
"終末的後宮 年齡限制版",1014000,92182,"2022","冬番",11,"4.3",2925,"信田ユウ","Studio五組、AXsiZ","科幻","18禁",NULL,NULL,NULL,NULL,"漫畫改編","新作"
"轉生成蜘蛛又怎樣！",7802000,325083,"2021","冬番",24,"4",6972,"板垣伸","Millepensee","動作","冒險","奇幻","時間穿越",NULL,NULL,"小說改編","新作"
"奇蛋物語 Wonder Egg Priority",796000,61231,"2021","冬番",13,"4.8",2986,"若林信","CloverWorks","異世界","校園","黑暗",NULL,NULL,NULL,"原創作品","新作"
"織田肉桂信長",617000,51417,"2020","冬番",12,"4.7",1028,"高橋英俊","Studio Signpost","喜劇","悠閒","闔家觀賞",NULL,NULL,NULL,"漫畫改編","新作"
"A3!",305000,12708,"2020","冬番",24,"4.7",543,"篠原啓輔","P.A.WORKS×Studio 3Hz","青春","勵志","音樂",NULL,NULL,NULL,"遊戲改編","續作"
"闇芝居 第八季",127000,9769,"2021","冬番",13,"2.8",253,"ILCA","ILCA","懸疑","靈異神怪","泡麵番",NULL,NULL,NULL,"改編作品","續作"
"怪物事變",1799000,149917,"2021","冬番",12,"4.9",3652,"藤森雅也","亞細亞堂","動作","冒險","靈異神怪",NULL,NULL,NULL,"漫畫改編","新作"
"比方說，這是個出身魔王關附近的少年在新手村生活的故事",2441000,203417,"2021","冬番",12,"4.3",3076,"migmi","LIDENFILMS","冒險","奇幻","魔法",NULL,NULL,NULL,"小說改編","新作"
"SK8 the Infinity",1559000,129917,"2021","冬番",12,"4.9",3825,"内海紘子","BONES","動作","青春","運動","競技",NULL,NULL,"原創作品","新作"
"GIBIATE 獵魔武士",290000,22308,"2020","夏番",13,"1.8",655,"小美野雅彥","ランチ・BOX×スタジオエル","動作","冒險","靈異神怪",NULL,NULL,NULL,"原創作品","新作"
"淘氣貓 2020：家有圓圓？！我家的圓圓你知道嗎～",192000,17455,"2020","冬番",11,"4.9",616,"松田清","MAPPA、Lapintrack","溫馨","闔家觀賞",NULL,NULL,NULL,NULL,"原創作品","新作"
"Re：從零開始的異世界生活 第二季",11739000,469560,"2020","夏番",25,"4.9",14370,"渡邊政治","WHITE FOX","動作","冒險","奇幻","異世界","魔法",NULL,"小說改編","續作"
"魔法律事務所 第二季",250000,20833,"2020","夏番",12,"4.6",289,"近藤信宏","STUDIO DEEN","奇幻","魔法","靈異神怪",NULL,NULL,NULL,"漫畫改編","續作"
"裏世界遠足",564000,47000,"2021","冬番",12,"4.5",1508,"佐藤卓哉","LIDENFILMS、FelixFilm","冒險","異世界","懸疑","靈異神怪",NULL,NULL,"小說改編","新作"
"2.43 清陰高中男子排球社",363000,30250,"2021","冬番",12,"4",509,"木村泰大","david production","校園","青春","運動",NULL,NULL,NULL,"小說改編","新作"
"怪病醫拉姆尼",578000,48167,"2021","冬番",12,"4.7",1216,"大庭秀昭","Platinum Vision","奇幻","喜劇","懸疑",NULL,NULL,NULL,"漫畫改編","新作"
"天地創造設計部",877000,67462,"2021","冬番",13,"4.8",2229,"增井壯一","旭Production","超能力","喜劇","職場",NULL,NULL,NULL,"漫畫改編","新作"
"蒼之騎士團",300000,25000,"2021","冬番",12,"4.1",436,"西片康人","LIDENFILMS","冒險","奇幻",NULL,NULL,NULL,NULL,"遊戲改編","新作"
"非槍人生 NO GUNS LIFE 第二季",351000,29250,"2020","夏番",12,"4.6",517,"伊藤尚往","MADHOUSE","動作","科幻",NULL,NULL,NULL,NULL,"漫畫改編","續作"
"憂國的莫里亞蒂 第一季",876000,79636,"2020","夏番",11,"4.9",2200,"野村和也","Production I.G","推理","懸疑",NULL,NULL,NULL,NULL,"漫畫改編","新作"
"EX-ARM",99000,8250,"2021","冬番",12,"1.5",1047,"木村好克","ビジュアルフライト","動作","科幻",NULL,NULL,NULL,NULL,"漫畫改編","新作"
"舞伎家的料理人",248000,20667,"2021","冬番",12,"4.9",1068,"鈴木洋平","J.C.STAFF","溫馨","料理","闔家觀賞",NULL,NULL,NULL,"漫畫改編","新作"
"魔術士歐菲 流浪之旅 基姆拉克篇",119000,10818,"2021","冬番",11,"3.6",170,"濱名孝行","STUDIO DEEN","冒險","奇幻",NULL,NULL,NULL,NULL,"小說改編","續作"
"PUI PUI 天竺鼠車車",2110000,87917,"2021","冬番",24,"4.8",5763,"見里朝希","新銳動畫、Green-hearts","喜劇","溫馨","悠閒","泡麵番","闔家觀賞",NULL,"原創作品","續作"
"堀與宮村",5394000,414923,"2021","冬番",13,"4.9",15437,"石濱真史","CloverWorks","校園","戀愛","青春",NULL,NULL,NULL,"漫畫改編","續作"
"成群結伴！西頓學園",962000,80167,"2020","冬番",12,"4.8",2174,"博史池畠","Studio 五組","校園","喜劇",NULL,NULL,NULL,NULL,"漫畫改編","新作"
"轉生成女性向遊戲只有毀滅 END 的壞人大小姐",2109000,175750,"2020","春番",12,"4.9",4714,"井上圭介","SILVER LINK.","異世界","喜劇","戀愛",NULL,NULL,NULL,"小說改編","新作"
"遊戲王! SEVENS",14000,280,"2020","春番",50,"4.3",78,"近藤信宏","Bridge","勵志","競技","闔家觀賞",NULL,NULL,NULL,"漫畫改編","新作"
"棒球大聯盟 2nd 第二季",857000,34280,"2020","春番",25,"4.8",516,"渡邊步","OLM","青春","運動","競技","闔家觀賞",NULL,NULL,"漫畫改編","續作"
"排球少年！！第四季",4012000,308615,"2020","冬番",13,"4.9",5101,"佐藤雅子","Production I.G","校園","勵志","運動",NULL,NULL,NULL,"漫畫改編","續作"
"IDOLiSH7 - 偶像星願 - Second BEAT！",557000,37133,"2020","春番",15,"4.9",1175,"別所誠人","TROYCA","偶像","音樂",NULL,NULL,NULL,NULL,"遊戲改編","續作"
"白貓 Project Zero Chronicle 零之紀元",528000,44000,"2020","春番",12,"3.8",834,"神保昌登","Project No.9","冒險","奇幻","魔法",NULL,NULL,NULL,"遊戲改編","新作"
"天地無用！魎皇鬼 第 5 期",103000,17167,"2020","冬番",6,"4.8",200,"梶島正樹、元永慶太郎","AIC","科幻","戀愛",NULL,NULL,NULL,NULL,"原創作品","續作"
"異世界四重奏 第二季",1326000,110500,"2020","冬番",12,"4.9",2565,"芦名みのる","STUDIO PUYUKAI","校園","喜劇",NULL,NULL,NULL,NULL,"原創作品","續作"
"座敷童子塌塌米醬",78000,6500,"2020","春番",12,"4.2",199,"押切蓮介","ZERO-G","喜劇","靈異神怪","泡麵番",NULL,NULL,NULL,"原創作品","新作"
"小書痴的下剋上：為了成為圖書管理員不擇手段！第二季",1430000,119167,"2020","春番",12,"4.9",3100,"本郷みつる","亞細亞堂","奇幻","異世界","勵志",NULL,NULL,NULL,"小說改編","續作"
"魔法水果籃 第二季",1927000,77080,"2020","春番",25,"4.9",1999,"井端義秀","TMS Entertainment","奇幻","校園","戀愛","溫馨","親情",NULL,"漫畫改編","續作"
"放學後堤防日誌",805000,67083,"2020","春番",12,"4.9",2378,"大隈孝晴","動画工房","校園","喜劇","青春","闔家觀賞",NULL,NULL,"漫畫改編","新作"
"隱瞞之事",1579000,131583,"2020","春番",12,"4.9",6418,"村野佑太","亞細亞堂","溫馨","親情","感人","職場",NULL,NULL,"漫畫改編","新作"
"昨日之歌",927000,51500,"2020","春番",18,"4.7",2207,"藤原佳幸","動畫工房","戀愛","青春",NULL,NULL,NULL,NULL,"漫畫改編","新作"
"BanG Dream！第三季",756000,58154,"2020","冬番",13,"4.9",2173,"柿本広大","三次元","青春","勵志","音樂",NULL,NULL,NULL,"原創作品","續作"
"富豪刑警 Balance: UNLIMITED",1338000,121636,"2020","春番",11,"4.8",3769,"伊藤智彥","CloverWorks","動作","職場","懸疑",NULL,NULL,NULL,"小說改編","新作"
"食戟之靈 豪之皿",1807000,139000,"2020","春番",13,"4.6",1494,"米谷良知","J.C.STAFF","校園","料理",NULL,NULL,NULL,NULL,"漫畫改編","續作"
"貓娘樂園",1022000,85167,"2020","冬番",12,"4.8",2665,"山本靖貴","FelixFilm","溫馨","職場",NULL,NULL,NULL,NULL,"遊戲改編","新作"
"繼怪怪守護神",897000,74750,"2020","春番",12,"4.9",2036,"倉谷涼一","ZERO-G","校園","靈異神怪",NULL,NULL,NULL,NULL,"漫畫改編","新作"
"22/7",454000,34923,"2020","冬番",13,"4.5",1126,"阿保孝雄","A-1 Pictures","勵志","偶像","音樂",NULL,NULL,NULL,"原創作品","新作"
"請在伸展台上微笑",678000,56500,"2020","冬番",12,"4.9",2138,"長山延好","Ezo'la","勵志","職場",NULL,NULL,NULL,NULL,"漫畫改編","新作"
"虛構推理",1622000,135167,"2020","冬番",12,"4.7",3825,"後藤圭二","Brain's Base","超能力","推理","靈異神怪",NULL,NULL,NULL,"小說改編","續作"
"王者天下 第四季",1179000,45346,"2022","春番",26,"4.8",1879,"今泉賢一","St.Signpost","歷史","戰爭",NULL,NULL,NULL,NULL,"漫畫改編","續作"
"魔王學院的不適任者～史上最強的魔王始祖，轉生就讀子孫們的學校～",6399000,492231,"2020","夏番",13,"4.7",9455,"大沼心、田村正文","SILVER LINK.","奇幻","異世界","魔法","校園",NULL,NULL,"小說改編","續作"
"魔法紀錄 魔法少女小圓外傳 第二季",378000,29077,"2021","夏番",13,"4.4",1200,"劇団イヌカレー（泥犬）、宮本幸裕","SHAFT","冒險","奇幻","魔法","黑暗",NULL,NULL,"遊戲改編","續作"
"強襲魔女 通往柏林之路",372000,31000,"2020","秋番",12,"4.9",972,"高村和宏","david production","魔法","科幻","戰爭",NULL,NULL,NULL,"原創作品","續作"
"入間同學入魔了！第三季",2209000,105190,"2022","秋番",21,"4.9",7232,"森脇真琴","Bandai Namco Pictures","冒險","奇幻","校園","喜劇","靈異神怪",NULL,"漫畫改編","續作"
"達爾文遊戲",3708000,285231,"2020","冬番",13,"4.8",5745,"德本善信","Nexus","動作","超能力","競技","懸疑","血腥暴力",NULL,"漫畫改編","新作"
"戀愛中的小行星",581000,44692,"2020","冬番",13,"4.9",2496,"平牧大輔","動画工房","校園","青春",NULL,NULL,NULL,NULL,"漫畫改編","新作"
"〈Infinite Dendrogram〉-無盡連鎖-",1496000,115077,"2020","冬番",13,"4",1463,"小林智樹","NAZ","動作","冒險","奇幻",NULL,NULL,NULL,"改編作品","新作"
"別對映像研出手！",970000,80833,"2020","冬番",12,"4.9",4505,"湯淺政明","SCIENCE SARU INC.","校園","青春","職場",NULL,NULL,NULL,"漫畫改編","新作"
"神推偶像登上武道館我就死而無憾",643000,53583,"2020","冬番",12,"4.9",2325,"山本裕介","8bit","勵志","偶像","職場",NULL,NULL,NULL,"漫畫改編","新作"
"地縛少年花子君",1751000,145917,"2020","冬番",12,"4.9",2917,"安藤正臣","Lerche","校園","靈異神怪",NULL,NULL,NULL,NULL,"漫畫改編","新作"
"索瑪麗與森林之神",1021000,85083,"2020","冬番",12,"4.9",3714,"安田賢司","SATELIGHT","冒險","奇幻","溫馨",NULL,NULL,NULL,"漫畫改編","新作"
"卡片戰鬥!! 先導者 overdress",78000,6500,"2021","春番",12,"4",128,"森賢","Kinema Citrus、ぎふとアニメーション、STUDIOJEMI","校園","競技","闔家觀賞",NULL,NULL,NULL,"遊戲改編","續作"
"Love All Play",272000,11333,"2022","春番",24,"3.7",666,"竹內浩志","日本アニメーション、OLM","校園","青春","運動","競技",NULL,NULL,"漫畫改編","新作"
"花樣滑冰 Stars",176000,14667,"2020","秋番",12,"3.6",337,"谷口悟朗、福島利規","J.C.STAFF","運動","競技","偶像",NULL,NULL,NULL,"原創作品","新作"
"東方少年 第二季",188000,15667,"2022","夏番",12,"4.5",527,"柳沢テツヤ","Ａ・Ｃ・Ｇ・Ｔ","動作","冒險","靈異神怪",NULL,NULL,NULL,"漫畫改編","續作"
"房間露營",862000,66308,"2020","冬番",13,"4.9",3391,"神保昌登","C-Station","喜劇","溫馨","泡麵番","闔家觀賞",NULL,NULL,"漫畫改編","新作"
"怕痛的我，把防禦力點滿就對了 第二季",2673000,222750,"2023","冬番",12,"4.8",11460,"大沼心","SILVER LINK.","冒險","奇幻","喜劇",NULL,NULL,NULL,"小說改編","續作"
"搖滾少女!! 活力棉花糖!!",119000,9917,"2020","冬番",12,"4.8",355,"孫承希","Kinema Citrus","青春","偶像","音樂",NULL,NULL,NULL,"遊戲改編","續作"
"寶石商人理察的謎鑑定",478000,39833,"2020","冬番",12,"4.7",1045,"岩崎太郎","朱夏","職場","推理",NULL,NULL,NULL,NULL,"小說改編","新作"
"number24",324000,24923,"2020","冬番",13,"4.7",703,"きみやしげる","ピー・アール・エー","青春","運動","競技",NULL,NULL,NULL,"原創作品","新作"
"關於我轉生變成史萊姆這檔事 第二季",16078000,618385,"2021","冬番",26,"4.8",14097,"中山敦史","8bit","冒險","奇幻","異世界","魔法","喜劇",NULL,"小說改編","續作"
"虛構推理 第二季",873000,72750,"2023","冬番",12,"4.9",4667,"後藤圭二","Brain's Base","超能力","推理","靈異神怪",NULL,NULL,NULL,"小說改編","續作"
"卡片戰鬥!! 先導者 will+Dress 第二季",24000,2000,"2023","冬番",12,"3.5",137,"森賢、鈴木龍太郎","Kinema Citrus、岐阜Animation、STUDIO JEMI","運動","競技",NULL,NULL,NULL,NULL,"遊戲改編","續作"
"搖滾少女!! STARS!!",80000,6667,"2021","冬番",12,"4.8",237,"池添隆博","Kinema Citrus","青春","偶像","音樂",NULL,NULL,NULL,"遊戲改編","續作"
"小書痴的下剋上：為了成為圖書管理員不擇手段！第三季",835000,69583,"2022","冬番",12,"4.9",3287,"本郷みつる","亞細亞堂","奇幻","異世界","勵志",NULL,NULL,NULL,"小說改編","續作"
"魔法紀錄 魔法少女小圓外傳",872000,67077,"2020","冬番",13,"4.7",1494,"劇団イヌカレー（泥犬）、宮本幸裕","SHAFT","冒險","奇幻","魔法","黑暗",NULL,NULL,"遊戲改編","續作"
"魔術士歐菲 流浪之旅",521000,37214,"2020","冬番",14,"3.2",465,"濱名孝行","STUDIO DEEN","冒險","奇幻",NULL,NULL,NULL,NULL,"小說改編","續作"
"卡片戰鬥!! 先導者 will+Dress",39000,3000,"2022","夏番",13,"3.8",153,"森賢","Kinema Citrus、ぎふとアニメーション、STUDIO JEMI","校園","競技",NULL,NULL,NULL,NULL,"遊戲改編","續作"
"怕痛的我，把防禦力點滿就對了",6391000,532583,"2020","冬番",12,"4.8",9448,"大沼心、湊未來","SILVER LINK.","冒險","奇幻","喜劇",NULL,NULL,NULL,"小說改編","續作"
"ARGONAVIS from BanG Dream！",157000,12077,"2020","春番",13,"4.5",385,"錦織博","SANZIGEN","青春","勵志","音樂",NULL,NULL,NULL,"原創作品","續作"
"我的英雄學院 OVA：活下來！殊死的生存訓練",352000,176000,"2020","夏番",2,"4.8",1048,"長崎健司、向井雅浩","BONES","動作","超能力","校園","勵志",NULL,NULL,"漫畫改編","續作"
"無意間變成狗，被喜歡的女生撿回家。 年齡限制版",957000,68357,"2023","冬番",14,"4.6",4163,"安藤貴史","Quad","戀愛","18禁",NULL,NULL,NULL,NULL,"漫畫改編","新作"
"異種族風俗娘評鑑指南 年齡限制版",3078000,256500,"2020","冬番",12,"4.8",9081,"小川優樹","Passione","奇幻","異世界","喜劇","18禁",NULL,NULL,"漫畫改編","新作"
"魔術士歐菲 流浪之旅 阿邦拉馬篇",67000,5583,"2023","冬番",12,"3.7",304,"濱名孝行","Studio DEEN","冒險","奇幻",NULL,NULL,NULL,NULL,"小說改編","續作"
"進擊的巨人 The Final Season",17210000,593448,"2020","秋番",29,"4.9",24841,"林祐一郎","MAPPA","動作","冒險","戰爭","血腥暴力",NULL,NULL,"原創作品","新作"
"第二次被異世界召喚",950000,79167,"2023","春番",12,"3.3",4175,"中西基樹","Studio Elle","冒險","奇幻","異世界","喜劇",NULL,NULL,"小說改編","新作"
"輝夜姬想讓人告白－永不結束的初吻－",788000,197000,"2023","春番",4,"5",11239,"畠山守","A-1 Pictures","校園","喜劇","戀愛",NULL,NULL,NULL,"漫畫改編","續作"
"為美好的世界獻上爆焰！",2483000,206917,"2023","春番",12,"4.9",18462,"安部祐二郎","Drive","奇幻","魔法","校園","喜劇",NULL,NULL,"小說改編","續作"
"藍色管弦樂",243000,10125,"2023","春番",24,"4.8",1029,"岸誠二","日本動畫公司","校園","青春","音樂",NULL,NULL,NULL,"漫畫改編","新作"
"肌肉魔法使-MASHLE-",3603000,277154,"2023","春番",13,"4.8",13340,"田中智也","A-1 Pictures","奇幻","魔法","校園","喜劇",NULL,NULL,"漫畫改編","新作"
"勇者死了！",1320000,110000,"2023","春番",12,"4.7",5679,"久城凜音","LIDENFILMS","冒險","奇幻","喜劇",NULL,NULL,NULL,"漫畫改編","新作"
"和山田談場 Lv999 的戀愛",2895000,222692,"2023","春番",13,"4.9",15384,"淺香守生","MADHOUSE","喜劇","戀愛",NULL,NULL,NULL,NULL,"漫畫改編","新作"
"我內心的糟糕念頭",2304000,192000,"2023","春番",12,"4.9",18761,"赤城博昭","新銳動畫","校園","喜劇","戀愛",NULL,NULL,NULL,"漫畫改編","新作"
"百合是我的工作！",303000,25250,"2023","春番",12,"4.6",2191,"三瓶聖","Passione×Studio Lings","喜劇","戀愛",NULL,NULL,NULL,NULL,"漫畫改編","新作"
"放學後失眠的你",467000,35923,"2023","春番",13,"4.9",4467,"池田由紀","LIDENFILMS","校園","戀愛","青春",NULL,NULL,NULL,"漫畫改編","新作"
"Re：從零開始的異世界生活 新編集版",3301000,126962,"2020","冬番",26,"4.9",3878,"渡邊政治","WHITE FOX","動作","冒險","奇幻","異世界","魔法",NULL,"小說改編","續作"
"無神世界的神明活動",2496000,208000,"2023","春番",12,"4.9",14881,"稻葉友紀","studio Palette","冒險","奇幻",NULL,NULL,NULL,NULL,"漫畫改編","新作"
"鬼滅之刃 無限列車篇",2058000,294000,"2021","秋番",7,"4.7",6097,"外崎春雄","ufotable","動作","冒險","奇幻","血腥暴力",NULL,NULL,"漫畫改編","續作"
"獻祭公主與獸王",407000,16958,"2023","春番",24,"4.9",2068,"今千秋","J.C.STAFF","奇幻","戀愛",NULL,NULL,NULL,NULL,"漫畫改編","新作"
"帶著智慧型手機闖蕩異世界。2",918000,76500,"2023","春番",12,"3.8",5712,"岩崎良明","J.C.STAFF","冒險","奇幻","異世界",NULL,NULL,NULL,"小說改編","續作"
"在異世界獲得超強能力的我，在現實世界照樣無敵～等級提升改變人生命運～",2984000,229538,"2023","春番",13,"3.6",15740,"田邊慎吾","Millepensee","冒險","奇幻","異世界","超能力",NULL,NULL,"小說改編","新作"
"江戶前精靈",919000,76583,"2023","春番",12,"4.9",7369,"安齋剛文","C2C","喜劇","歷史",NULL,NULL,NULL,NULL,"漫畫改編","新作"
"熊熊勇闖異世界 PUNCH！",829000,69083,"2023","春番",12,"4.7",4730,"信田悠","EMT Squared","動作","冒險","奇幻","異世界",NULL,NULL,"小說改編","續作"
"躍動青春",192000,16000,"2023","春番",12,"5",2359,"出合小都美","P.A.WORKS","校園","喜劇","青春",NULL,NULL,NULL,"漫畫改編","新作"
"鄰人似銀河",524000,43667,"2023","春番",12,"4.8",4008,"木村隆一","旭Production","戀愛","溫馨",NULL,NULL,NULL,NULL,"漫畫改編","新作"
"國王排名 勇氣的寶箱",303000,30300,"2023","春番",10,"4.5",1995,"八田洋介","WIT STUDIO","冒險","奇幻","勵志","溫馨",NULL,NULL,"漫畫改編","續作"
"魔法少女毀滅者",10000,833,"2023","春番",12,"3.1",125,"博史池畠","Bibury Animation Studios","冒險","奇幻","喜劇",NULL,NULL,NULL,"原創作品","新作"
"Dr.STONE 新石紀 第三季",1950000,102632,"2023","春番",19,"4.9",7100,"松下周平","TMS Entertainment","動作","冒險","奇幻","科幻","勵志",NULL,"漫畫改編","續作"
"六道的惡女們",265000,22083,"2023","春番",12,"4.7",1486,"齊藤啓也","SATELIGHT","校園","戀愛","青春",NULL,NULL,NULL,"漫畫改編","新作"
"轉生貴族的異世界冒險錄～不知自重的眾神使徒～",1989000,165750,"2023","春番",12,"3.9",8982,"中村憲由","EMT Squared×Magic Bus","冒險","奇幻","異世界",NULL,NULL,NULL,"小說改編","新作"
"她去公爵家的理由",613000,51083,"2023","春番",12,"4.6",2508,"山元隼一","颱風Graphics","異世界","戀愛","推理",NULL,NULL,NULL,"小說改編","新作"
"Opus.COLORs 色彩高校星",54000,4500,"2023","春番",12,"4.3",363,"多田俊介","C-Station","科幻","校園","青春","音樂",NULL,NULL,"原創作品","新作"
"魔術士歐菲 流浪之旅 聖域篇",37000,3083,"2023","春番",12,"3.2",216,"濱名孝行","Studio DEEN","冒險","奇幻",NULL,NULL,NULL,NULL,"小說改編","續作"
"聖女魔力無所不能",1845000,153750,"2021","春番",12,"4.7",3137,"井畑翔太","diomedéa","異世界","魔法","戀愛",NULL,NULL,NULL,"小說改編","續作"
"不要欺負我，長瀞同學",1756000,146333,"2021","春番",12,"4.8",5200,"花井宏和","Telecom Animation Film","校園","喜劇","戀愛","青春",NULL,NULL,"漫畫改編","續作"
"燒窯的話也要馬克杯",192000,8000,"2021","春番",24,"4.6",372,"神谷純","日本 Animation","校園","溫馨","闔家觀賞",NULL,NULL,NULL,"漫畫改編","續作"
"佐賀偶像是傳奇 捲土重來",2188000,182333,"2021","春番",12,"5",10294,"境宗久","MAPPA","喜劇","勵志","偶像","音樂",NULL,NULL,"原創作品","續作"
"刮掉鬍子的我與撿到的女高中生",3964000,304923,"2021","春番",13,"4.6",8876,"上北學","project No.9","戀愛","溫馨",NULL,NULL,NULL,NULL,"小說改編","新作"
"BLUE REFLECTION : 澪",149000,6208,"2021","春番",24,"4",284,"吉田りさこ","J.C.STAFF","動作","魔法","校園","GL",NULL,NULL,"漫畫改編","新作"
"青梅竹馬絕對不會輸的戀愛喜劇",1366000,113833,"2021","春番",12,"3.5",3776,"直谷たかし","動画工房","校園","喜劇","戀愛",NULL,NULL,NULL,"小說改編","新作"
"給不滅的你",2583000,129150,"2021","春番",20,"4.9",5582,"村田雅彥","Brain's Base","冒險","奇幻","感人",NULL,NULL,NULL,"漫畫改編","續作"
"Vivy -Fluorite Eye's Song-",4844000,346000,"2021","春番",14,"4.9",20093,"江崎慎平","WIT STUDIO","動作","科幻","音樂",NULL,NULL,NULL,"原創作品","新作"
"戰鬥員派遣中！",2447000,203917,"2021","春番",12,"4.8",5058,"赤城博昭","J.C.STAFF","動作","冒險","奇幻","喜劇",NULL,NULL,"小說改編","新作"
"義呆利 World Stars",298000,19867,"2021","春番",15,"4.8",663,"わたなべひろし","STUDIO DEEN","喜劇","溫馨","歷史","泡麵番","闔家觀賞",NULL,"原創作品","新作"
"真白之音",467000,38917,"2021","春番",12,"4.8",1438,"赤城博昭","新銳動畫","校園","競技","音樂",NULL,NULL,NULL,"漫畫改編","新作"
"奇巧計程車",2268000,174462,"2021","春番",13,"4.9",7833,"木下麥","P.I.C.S. × OLM","推理","懸疑",NULL,NULL,NULL,NULL,"原創作品","新作"
"冰冰冰 冰淇淋君",48000,4000,"2021","春番",12,"4.1",112,"","新銳動畫","溫馨","闔家觀賞",NULL,NULL,NULL,NULL,"原創作品","續作"
"本田小狼與我",859000,71583,"2021","春番",12,"4.7",2894,"藤井俊郎","Studio KAI","校園","青春","溫馨",NULL,NULL,NULL,"小說改編","新作"
"美麗新世界 The Animation",124000,10333,"2021","春番",12,"3.9",278,"市川量也","DOMERICA × SHIN-EI ANIMATION","動作",NULL,NULL,NULL,NULL,NULL,"原創作品","新作"
"86－不存在的戰區－",10695000,411346,"2021","春番",26,"5",36282,"石井俊匡","A-1 Pictures","動作","科幻","機甲","戰爭",NULL,NULL,"小說改編","續作"
"灼熱卡巴迪",295000,24583,"2021","春番",12,"4.7",621,"市川量也","TMS Entertainment","青春","運動","競技",NULL,NULL,NULL,"漫畫改編","新作"
"後空翻少年!!",379000,31583,"2021","春番",12,"4.9",1451,"黑柳トシマサ","ZEXCS","青春","勵志","運動","競技",NULL,NULL,"原創作品","新作"
"SHADOWS HOUSE-影宅-",1582000,121692,"2021","春番",13,"4.9",5132,"大橋一輝","CloverWorks","奇幻","懸疑",NULL,NULL,NULL,NULL,"漫畫改編","續作"
"七騎士：革命 -英雄的繼承者-",245000,20417,"2021","春番",12,"4",316,"市川量也","LIDENFILMS、domerica","動作","冒險","奇幻",NULL,NULL,NULL,"遊戲改編","新作"
"壽司大相撲",233000,4481,"2021","春番",52,"4.1",440,"助川勇太","白組","喜劇","悠閒","闔家觀賞","泡麵番",NULL,NULL,"改編作品","新作"
"轉生史萊姆日記 關於我轉生變成史萊姆這檔事",2965000,247083,"2021","春番",12,"4.9",5618,"生原雄次","8bit","異世界","魔法","喜劇",NULL,NULL,NULL,"小說改編","續作"
"輝夜姬想讓人告白～天才們的戀愛頭腦戰～ 第二季",9306000,775500,"2020","春番",12,"5",20191,"畠山守","A-1 Pictures","校園","喜劇","戀愛",NULL,NULL,NULL,"漫畫改編","續作"
"別冊奧林匹克之環",788000,32833,"2020","春番",24,"4.8",1998,"藤井亮","のびしろラボ","喜劇","歷史","泡麵番",NULL,NULL,NULL,"漫畫改編","新作"
"啄木鳥偵探社",117000,9750,"2020","春番",12,"4.5",291,"江崎慎平","LIDENFILMS","推理","懸疑",NULL,NULL,NULL,NULL,"小說改編","新作"
"天晴爛漫！",586000,45077,"2020","春番",13,"4.8",1690,"橋本昌和","P.A. WORKS","動作","冒險","科幻","競技",NULL,NULL,"原創作品","新作"
"卡片戰鬥!! 先導者 外傳 -if-",75000,3000,"2020","春番",25,"3.9",92,"川崎逸朗","OLM Team Abe","校園","競技","闔家觀賞",NULL,NULL,NULL,"遊戲改編","續作"
"格萊普尼爾",2294000,176462,"2020","春番",13,"4.6",3152,"米田和弘","PINE JAM","動作","超能力","懸疑","血腥暴力","靈異神怪",NULL,"漫畫改編","新作"
"阿爾蒂",573000,47750,"2020","春番",12,"4.8",1433,"濱名孝行","Seven Arcs","勵志","職場",NULL,NULL,NULL,NULL,"漫畫改編","新作"
"新櫻花大戰",332000,27667,"2020","春番",12,"4.2",589,"小野學","SANZIGEN","動作","科幻","機甲",NULL,NULL,NULL,"遊戲改編","新作"
"社長，戰鬥的時間到了！",547000,45583,"2020","春番",12,"2.7",1456,"池下博紀","C2C","冒險","異世界",NULL,NULL,NULL,NULL,"遊戲改編","新作"
"文豪與鍊金術師～審判的齒輪～",334000,25692,"2020","春番",13,"4.6",470,"渡邊穩寬","OLM","冒險","奇幻",NULL,NULL,NULL,NULL,"遊戲改編","新作"
"闇影詩章",829000,16255,"2020","春番",51,"2.5",1340,"川口敬一郎","ZEXCS","科幻","校園","闔家觀賞",NULL,NULL,NULL,"遊戲改編","續作"
"神之塔 -Tower of God-",222000,17077,"2020","春番",13,"4.8",733,"佐野隆史","Telecom Animation Film","冒險","奇幻",NULL,NULL,NULL,NULL,"漫畫改編","新作"
"辣妹與恐龍",904000,75333,"2020","春番",12,"4.9",3499,"青木純","Space Neko Company、神風動畫","喜劇","溫馨",NULL,NULL,NULL,NULL,"漫畫改編","新作"
"王者天下 第三季",1758000,67615,"2020","春番",26,"4.9",1575,"今泉賢一","St.Signpost","歷史","戰爭",NULL,NULL,NULL,NULL,"漫畫改編","續作"
"SHADOWS HOUSE-影宅- 第二季",767000,63917,"2022","夏番",12,"4.9",4162,"大橋一輝","CloverWorks","奇幻","懸疑",NULL,NULL,NULL,NULL,"漫畫改編","續作"
"Love Live! SuperStar!! 第二季",268000,22333,"2022","夏番",12,"4.1",2027,"京極尚彦","SUNRISE","校園","青春","偶像","音樂",NULL,NULL,"漫畫改編","續作"
"機動戰士鋼彈 水星的魔女",2354000,181077,"2022","夏番",13,"4.8",10551,"小林寬","SUNRISE","科幻","機甲","校園","戰爭",NULL,NULL,"原創作品","新作"
"新來的女傭有點怪",484000,44000,"2022","夏番",11,"4.7",2928,"星野美鈴","SILVER LINK.×BLADE","喜劇","戀愛","悠閒",NULL,NULL,NULL,"漫畫改編","新作"
"黑之召喚士",1916000,159667,"2022","夏番",12,"4.7",6130,"平池芳正","SATELIGHT","動作","冒險","奇幻","異世界","魔法",NULL,"小說改編","新作"
"轉生就是劍",2791000,232583,"2022","夏番",12,"4.9",12419,"石平信司","C2C","動作","冒險","奇幻","異世界","魔法",NULL,"小說改編","新作"
"天籟人偶",302000,25167,"2022","夏番",12,"4.8",2349,"天衝","Bibury Animation Studios","科幻","溫馨","感人","音樂",NULL,NULL,"原創作品","新作"
"異世界藥局",2199000,183250,"2022","夏番",12,"4.8",7935,"草川啓造","diomedéa","奇幻","異世界",NULL,NULL,NULL,NULL,"小說改編","新作"
"幕末替身傳說",123000,10250,"2022","夏番",12,"3.1",1129,"平川哲生","GENO STUDIO","動作","冒險","歷史",NULL,NULL,NULL,"原創作品","新作"
"風都偵探",816000,68000,"2022","夏番",12,"4.9",4505,"椛島洋介","Studio KAI","動作","科幻","推理",NULL,NULL,NULL,"漫畫改編","新作"
"Dr.STONE 新石紀 (龍水)",360000,180000,"2022","夏番",2,"4.9",3508,"松下周平","TMS Entertainment","動作","冒險","奇幻","科幻","勵志",NULL,"漫畫改編","續作"
"因為是反派大小姐所以養了魔王",874000,72833,"2022","夏番",12,"4.6",3880,"羽原久美子","MAHO FILM.","奇幻","戀愛",NULL,NULL,NULL,NULL,"小說改編","新作"
"我家師傅沒有尾巴",219000,16846,"2022","夏番",13,"4.8",1677,"山本秀世","LIDENFILMS","悠閒","歷史",NULL,NULL,NULL,NULL,"漫畫改編","新作"
"惑星公主蜥蜴騎士",329000,13160,"2022","夏番",25,"3.8",1403,"中西伸彰","NAZ","動作","超能力",NULL,NULL,NULL,NULL,"漫畫改編","新作"
"繼母的拖油瓶是我的前女友",2556000,213000,"2022","夏番",12,"4.8",10846,"柳伸亮","project No.9","校園","喜劇","戀愛",NULL,NULL,NULL,"小說改編","新作"
"來自深淵 烈日的黃金鄉",2696000,224667,"2022","夏番",12,"5",15661,"小島正幸","Kinema Citrus","冒險","奇幻","血腥暴力","黑暗",NULL,NULL,"漫畫改編","續作"
"契約之吻",2048000,157538,"2022","夏番",13,"4.7",9853,"田中智也","A-1 Pictures","動作","奇幻","科幻","喜劇","戀愛",NULL,"原創作品","新作"
"幽零幻鏡",66000,5500,"2022","夏番",12,"4.2",633,"霜山朋久","Science SARU","冒險","科幻",NULL,NULL,NULL,NULL,"原創作品","新作"
"聯盟空軍航空魔法音樂隊 光輝魔女",218000,16769,"2022","夏番",13,"4.7",1393,"佐伯昭志","SHAFT","青春","溫馨","音樂",NULL,NULL,NULL,"原創作品","新作"
"神渣☆偶像",311000,31100,"2022","夏番",10,"4.8",2365,"福岡大生","Studio 五組","喜劇","偶像","音樂",NULL,NULL,NULL,"漫畫改編","新作"
"金裝的維爾梅～瀕臨留級的魔法師聯手最強災厄勇闖魔法世界～",140000,11667,"2022","夏番",12,"4.6",1092,"直谷隆","Staple Entertainment","奇幻","魔法","校園","戀愛",NULL,NULL,"漫畫改編","新作"
"組長女兒與保姆",1291000,107583,"2022","夏番",12,"4.9",7474,"川崎逸朗","feel.、GAINA","溫馨","親情",NULL,NULL,NULL,NULL,"漫畫改編","新作"
"足球風雲！Goal to the Future",93000,7154,"2022","夏番",13,"2.4",399,"中村憲由","EMT Squared","青春","勵志","運動","競技",NULL,NULL,"漫畫改編","續作"
"森林裡的熊先生，冬眠中。",164000,18222,"2022","夏番",9,"3.7",1535,"古賀一臣","studio HōKIBOSHI","溫馨","BL","泡麵番",NULL,NULL,NULL,"漫畫改編","新作"
"叫我對大哥 (WEB版)",497000,5344,"2021","夏番",93,"4.5",580,"青木純","Fanworks、SPACE NEKO COMPANY","喜劇","悠閒","泡麵番","闔家觀賞",NULL,NULL,"漫畫改編","新作"
"星期一的豐滿 第二季",1000000,83333,"2021","夏番",12,"4.8",3223,"小川優樹","横浜アニメーションラボ","戀愛","溫馨","泡麵番",NULL,NULL,NULL,"漫畫改編","續作"
"蓋特機器人 ARC",339000,26077,"2021","夏番",13,"4.5",612,"川越淳","Bee・Media","動作","冒險","科幻","機甲",NULL,NULL,"漫畫改編","續作"
"闇芝居 第九季",91000,7000,"2021","夏番",13,"3.7",158,"ILCA","ILCA","懸疑","靈異神怪","泡麵番",NULL,NULL,NULL,"改編作品","續作"
"現實主義勇者的王國重建記",6272000,241231,"2021","夏番",26,"4.6",9047,"渡部高志","J.C.STAFF","奇幻","異世界",NULL,NULL,NULL,NULL,"小說改編","續作"
"偵探已經，死了。",1939000,161583,"2021","夏番",12,"4.1",5960,"栗原學","ENGI","動作","奇幻","超能力","戀愛","推理",NULL,"小說改編","新作"
"打工吧，魔王大人！第二季",1645000,65800,"2022","夏番",25,"4.3",4879,"筑紫大介","Studio 3Hz","奇幻","異世界","喜劇","戀愛",NULL,NULL,"小說改編","續作"
"轉生成女性向遊戲只有毀滅 END 的壞人大小姐 X",1892000,145538,"2021","夏番",13,"4.9",4571,"井上圭介","SILVER LINK.","異世界","喜劇","戀愛",NULL,NULL,NULL,"小說改編","續作"
"Love Live! Superstar!!",669000,55750,"2021","夏番",12,"4.8",2947,"京極尚彦","SUNRISE","校園","青春","偶像","音樂",NULL,NULL,"漫畫改編","新作"
"瓦尼塔斯的手札",2293000,95542,"2021","夏番",24,"4.9",5169,"板村智幸","BONES","動作","奇幻","魔法",NULL,NULL,NULL,"漫畫改編","續作"
"我們的重製人生",1864000,155333,"2021","夏番",12,"4.8",6522,"小林智樹","feel.","校園","青春","勵志","時間穿越",NULL,NULL,"小說改編","新作"
"開掛藥師的異世界悠閒生活",1136000,94667,"2021","夏番",12,"4.2",2874,"佐藤まさふみ","EMT Squared","異世界","溫馨",NULL,NULL,NULL,NULL,"小說改編","新作"
"平穩世代的韋駄天們",1262000,114727,"2021","夏番",11,"4.9",4550,"城所聖明","MAPPA","動作","超能力","血腥暴力",NULL,NULL,NULL,"漫畫改編","新作"
"RE-MAIN",347000,28917,"2021","夏番",12,"4.7",1048,"西田征史","MAPPA","校園","青春","運動","競技",NULL,NULL,"原創作品","新作"
"漂流少年",478000,39833,"2021","夏番",12,"4.8",2514,"夏目真悟","MADHOUSE","冒險","超能力","青春","推理",NULL,NULL,"原創作品","新作"
"魔法科高中的優等生",1403000,107923,"2021","夏番",13,"4.3",2271,"橘秀樹","CONNECT","奇幻","魔法","科幻","校園",NULL,NULL,"漫畫改編","新作"
"月光下的異世界之旅",3370000,280833,"2021","夏番",12,"4.8",5788,"石平信司","C2C","冒險","異世界","喜劇",NULL,NULL,NULL,"小說改編","新作"
"女朋友 and 女朋友",1718000,143167,"2021","夏番",12,"4.6",5113,"桑原智","手塚Production","校園","戀愛",NULL,NULL,NULL,NULL,"漫畫改編","續作"
"桃子男孩渡海而來",935000,77917,"2021","夏番",12,"4",1763,"上田繁","旭 Production","動作","冒險","奇幻",NULL,NULL,NULL,"漫畫改編","新作"
"暮蟬悲鳴時 卒",682000,45467,"2021","夏番",15,"4.5",2008,"川口敬一郎","Passione","推理","懸疑","血腥暴力","靈異神怪","黑暗",NULL,"遊戲改編","續作"
"暗夜第六感 2041",11000,917,"2021","夏番",12,"4.1",94,"平川孝充","白組","超能力","科幻",NULL,NULL,NULL,NULL,"原創作品","新作"
"死神少爺與黑女僕",1165000,97083,"2021","夏番",12,"4.9",4556,"山川吉樹","J.C.STAFF","奇幻","喜劇","戀愛",NULL,NULL,NULL,"漫畫改編","續作"
"無能力者娜娜",1843000,141769,"2020","夏番",13,"4.7",3825,"石平信司","Bridge","超能力","校園","推理","懸疑","黑暗",NULL,"漫畫改編","新作"
"大貴族",1360000,97143,"2020","夏番",14,"4.7",1356,"多田俊介、山本靖貴","Production I.G","冒險","奇幻","校園",NULL,NULL,NULL,"漫畫改編","新作"
"果然我的青春戀愛喜劇搞錯了。完",2809000,234083,"2020","夏番",12,"4.9",10125,"及川啓","feel.","校園","戀愛","青春",NULL,NULL,NULL,"小說改編","續作"
"刀劍神域 Alicization War of Underworld -THE LAST SEASON-",5845000,487083,"2020","夏番",12,"3.4",12865,"小野學","A-1 Pictures","動作","冒險","奇幻","魔法","科幻",NULL,"小說改編","續作"
"魔物娘的醫生",1535000,127917,"2020","夏番",12,"4.7",1986,"岩崎良明","ARVO ANIMATION","奇幻","戀愛",NULL,NULL,NULL,NULL,"小說改編","新作"
"熊熊勇闖異世界",2282000,190167,"2020","夏番",12,"4.7",4394,"信田ユウ","EMT Squared","動作","冒險","奇幻","異世界",NULL,NULL,"小說改編","續作"
"高校之神",1772000,136308,"2020","夏番",13,"4.4",2280,"朴性厚","MAPPA","動作","超能力","校園","運動",NULL,NULL,"漫畫改編","新作"
"Lapis Re：LiGHTs",486000,40500,"2020","夏番",12,"4.8",1570,"畑博之","横浜アニメーションラボ","魔法","校園","偶像","音樂",NULL,NULL,"原創作品","新作"
"小妖怪",51000,1308,"2020","夏番",39,"3.2",74,"イワタナオミ","Fanworks Inc.","靈異神怪","闔家觀賞","泡麵番",NULL,NULL,NULL,"漫畫改編","新作"
"GET UP！GET LIVE！＃GERA GERA",37000,3083,"2020","夏番",12,"4.7",117,"エイティーエイト","SPELLBOUND","超能力","校園","喜劇",NULL,NULL,NULL,"原創作品","新作"
"忍者收藏",117000,9000,"2020","夏番",13,"3.4",342,"梅津智史、船田晃","テレビ東京","靈異神怪","泡麵番",NULL,NULL,NULL,NULL,"原創作品","新作"
"出租女友",4255000,354583,"2020","夏番",12,"4.7",7435,"古賀一臣","TMS ENTERTAINMENT","喜劇","戀愛","青春",NULL,NULL,NULL,"漫畫改編","續作"
"炎炎消防隊 貳之章",387000,16125,"2020","夏番",24,"4.8",952,"南川達馬","david production","動作",NULL,NULL,NULL,NULL,NULL,"漫畫改編","續作"
"點滿農民相關技能後，不知為何就變強了。",1326000,110500,"2022","秋番",12,"2.7",6219,"長濱亘彥","studio A-CAT","冒險","奇幻","喜劇",NULL,NULL,NULL,"小說改編","新作"
"後宮之烏",936000,72000,"2022","秋番",13,"4.9",4775,"宮脇千鶴","BN Pictures","戀愛","靈異神怪",NULL,NULL,NULL,NULL,"小說改編","新作"
"被勇者隊伍開除的馭獸使，邂逅了最強種的貓耳少女",2148000,165231,"2022","秋番",13,"4.5",8136," 濁川敦","EMT Squared","冒險","奇幻","魔法",NULL,NULL,NULL,"小說改編","新作"
"不道德公會",643000,53583,"2022","秋番",12,"4.8",3356,"朝岡卓矢","TNK","冒險","奇幻","魔法","喜劇",NULL,NULL,"漫畫改編","新作"
"書蟲公主",486000,40500,"2022","秋番",12,"4.7",2211,"岩崎太郎","MADHOUSE","戀愛",NULL,NULL,NULL,NULL,NULL,"小說改編","新作"
"飆速宅男 第五季",175000,7000,"2022","秋番",25,"4.8",237,"鍋島修","TMS Entertainment","校園","勵志","運動",NULL,NULL,NULL,"漫畫改編","續作"
"菜鳥鍊金術師開店營業中",1154000,96167,"2022","秋番",12,"4.6",4568,"博史池畠","ENGI","奇幻","魔法","溫馨",NULL,NULL,NULL,"小說改編","新作"
"BLEACH 死神 千年血戰篇",2645000,203462,"2022","秋番",13,"4.9",11253,"田口智久","Studio Pierrot","動作","冒險","奇幻","血腥暴力",NULL,NULL,"漫畫改編","續作"
"弩級戰隊 HXEROS",685000,57083,"2020","夏番",12,"4.5",1237,"神保昌登","project No.9","科幻","校園","喜劇","戀愛",NULL,NULL,"漫畫改編","新作"
"MUV-LUV ALTERNATIVE",561000,46750,"2021","秋番",12,"4.2",1407,"西本由紀夫","FLAGSHIP LINE、ゆめ太カンパニー、Graphinica","科幻","機甲","戀愛",NULL,NULL,NULL,"遊戲改編","新作"
"萬能戰士無比敵",60000,5000,"2021","秋番",12,"4.1",326,"高橋良輔","手塚プロダクション、タツノコプロ","冒險","科幻","闔家觀賞",NULL,NULL,NULL,"原創作品","續作"
"獻身給魔王伊伏洛基亞吧",324000,36000,"2021","秋番",9,"3.6",1106,"凪早苗","studio HOKIBOSHI","奇幻","異世界","戀愛","BL","泡麵番",NULL,"漫畫改編","新作"
"異世界食堂 2",1578000,131500,"2021","秋番",12,"4.9",4985,"神保昌登","OLM","奇幻","異世界","溫馨","料理",NULL,NULL,"小說改編","續作"
"VISUAL PRISON 視覺監獄",273000,22750,"2021","秋番",12,"4.5",1265,"古田丈司、田中智也","A-1 Pictures","動作","奇幻","音樂",NULL,NULL,NULL,"原創作品","新作"
"宿命迴響：命運節拍",1594000,132833,"2021","秋番",12,"4.5",7767,"伊藤祐毅","MAPPA×MADHOUSE","動作","冒險","奇幻","音樂",NULL,NULL,"原創作品","新作"
"世界頂尖的暗殺者轉生為異世界貴族",5810000,484167,"2021","秋番",12,"4.8",13601,"田村正文","SILVER LINK.×studioぱれっと","冒險","奇幻","異世界",NULL,NULL,NULL,"小說改編","新作"
"境界戰機",462000,35538,"2021","秋番",13,"3.9",912,"羽原信義","BANDAI SPIRITS、SUNRISE BEYOND","科幻","機甲",NULL,NULL,NULL,NULL,"原創作品","續作"
"逆轉世界的電池少女",276000,23000,"2021","秋番",12,"4.6",1254,"安藤正臣","Lerche","科幻","機甲",NULL,NULL,NULL,NULL,"原創作品","新作"
"陰陽眼見子",3481000,290083,"2021","秋番",12,"4.9",12749,"小川優樹","Passione","超能力","校園","靈異神怪",NULL,NULL,NULL,"漫畫改編","新作"
"前輩有夠煩",2546000,212167,"2021","秋番",12,"5",16896,"伊藤良太","動画工房","戀愛","職場",NULL,NULL,NULL,NULL,"漫畫改編","新作"
"進化果實～不知不覺踏上勝利的人生～",1680000,140000,"2021","秋番",12,"3.1",6898,"奥村よしあき","HOTLINE","冒險","奇幻","異世界",NULL,NULL,NULL,"小說改編","新作"
"吸血鬼馬上死",995000,82917,"2021","秋番",12,"4.9",3957,"神志那弘志","MADHOUSE","奇幻","喜劇","靈異神怪",NULL,NULL,NULL,"漫畫改編","新作"
"月與萊卡與吸血公主",575000,47917,"2021","秋番",12,"4.8",2896,"橫山彰利","Arvo Animation","科幻","青春",NULL,NULL,NULL,NULL,"小說改編","新作"
"大正處女御伽話",673000,56083,"2021","秋番",12,"4.9",3937,"羽鳥潤","SynergySP","戀愛","溫馨",NULL,NULL,NULL,NULL,"漫畫改編","新作"
"狂熱深淵-迷失的孩子",185000,15417,"2021","秋番",12,"2.5",899,"大沼心","SILVER LINK.","冒險","科幻",NULL,NULL,NULL,NULL,"原創作品","新作"
"橘色榮耀！",100000,8333,"2021","秋番",12,"4.5",440,"安齋剛文","C2C","校園","運動",NULL,NULL,NULL,NULL,"原創作品","新作"
"四季櫻",101000,8417,"2021","秋番",12,"3.7",325,"須貝真也","サブリメイション","冒險","科幻",NULL,NULL,NULL,NULL,"原創作品","新作"
"魯邦三世 PART6",305000,12708,"2021","秋番",24,"4.8",712,"菅沼榮治","TMS Entertainment","動作","喜劇",NULL,NULL,NULL,NULL,"漫畫改編","續作"
"國王排名",6078000,264261,"2021","秋番",23,"4.7",18567,"八田洋介","WIT STUDIO","冒險","奇幻","勵志","溫馨",NULL,NULL,"漫畫改編","續作"
"鍵等",241000,20083,"2021","秋番",12,"4.8",1044,"坂本一也","LIDENFILMS 京都 Studio","校園","喜劇","泡麵番",NULL,NULL,NULL,"遊戲改編","續作"
"世界盡頭的聖騎士",1700000,141667,"2021","秋番",12,"4.3",4305,"信田ユウ","Children's Playground Entertainment","冒險","奇幻","魔法",NULL,NULL,NULL,"小說改編","續作"
"BURN THE WITCH 龍與魔女",306000,102000,"2020","秋番",3,"4.8",1807,"川野達朗","teamヤマヒツヂ／スタジオコロリド","動作","魔法","校園",NULL,NULL,NULL,"漫畫改編","新作"
"排球少年！！第四季 Part 2",3785000,315417,"2020","秋番",12,"4.9",5512,"佐藤雅子","Production I.G","校園","勵志","運動",NULL,NULL,NULL,"漫畫改編","續作"
"成神之日",1526000,127167,"2020","秋番",12,"3.7",4850,"淺井義之","P.A. WORKS","科幻","校園","戀愛",NULL,NULL,NULL,"原創作品","新作"
"戰翼的希格德莉法",438000,36500,"2020","秋番",12,"4.4",1189,"德田大貴","A-1 Pictures","動作","科幻",NULL,NULL,NULL,NULL,"原創作品","新作"
"魔法科高中的劣等生 來訪者篇",3881000,298538,"2020","秋番",13,"4.8",4356,"吉田りさこ","8bit","奇幻","魔法","科幻","校園",NULL,NULL,"小說改編","續作"
"阿松 第三季",468000,18720,"2020","秋番",25,"4.4",736,"藤田陽一","studio Pierrot","喜劇","悠閒",NULL,NULL,NULL,NULL,"漫畫改編","續作"
"請問您今天要來點兔子嗎？BLOOM",552000,46000,"2020","秋番",12,"4.9",2307,"橋本裕之","ENCOURAGE FILMS","喜劇","溫馨","悠閒",NULL,NULL,NULL,"漫畫改編","續作"
"在魔王城說晚安",3362000,280167,"2020","秋番",12,"4.9",8792,"山崎みつえ","動画工房","奇幻","喜劇",NULL,NULL,NULL,NULL,"漫畫改編","新作"
"我立於百萬生命之上",2081000,173417,"2020","秋番",12,"4.1",2139,"羽原久美子","MAHO FILM","動作","冒險","奇幻","異世界","魔法",NULL,"漫畫改編","續作"
"魔女之旅",2471000,205917,"2020","秋番",12,"4.9",7869,"窪岡俊之","C2C","冒險","奇幻","魔法","血腥暴力","黑暗",NULL,"小說改編","新作"
"勇者鬥惡龍 達伊的大冒險",4643000,45970,"2020","秋番",101,"4.8",3458,"堀井雄二","東映動畫","動作","冒險",NULL,NULL,NULL,NULL,"漫畫改編","新作"
"眾神眷顧的男人",2406000,200500,"2020","秋番",12,"4.5",3182,"柳瀬雄之","MAHO FILM","奇幻","異世界","魔法",NULL,NULL,NULL,"小說改編","新作"
"前說！",82000,6308,"2020","秋番",13,"4.4",184,"信田ユウ","Studio 五組、AXsiZ","喜劇","溫馨","職場",NULL,NULL,NULL,"原創作品","新作"
"體操武士",285000,25909,"2020","秋番",11,"4.9",1408,"清水久敏","MAPPA","勵志","溫馨","親情","運動","競技","闔家觀賞","原創作品","新作"
"攀岩少女！",453000,37750,"2020","秋番",12,"4.5",810,"網野哲郎","BLADE","勵志","運動","競技",NULL,NULL,NULL,"漫畫改編","新作"
"催眠麥克風",761000,58538,"2020","秋番",13,"4.7",1265,"小野勝巳","A-1 Pictures","競技","音樂",NULL,NULL,NULL,NULL,"原創作品","續作"
"Love Live！虹咲學園 學園偶像同好會",650000,50000,"2020","秋番",13,"4.8",2306,"公野櫻子","SUNRISE","校園","青春","偶像","音樂",NULL,NULL,"漫畫改編","新作"
"月歌。THE ANIMATION 2",78000,6000,"2020","秋番",13,"4.1",185,"西本由紀夫","Children's Playground Entertainment","偶像","音樂",NULL,NULL,NULL,NULL,"改編作品","續作"
"光之戰記 -ZUERST-",182000,15167,"2020","秋番",12,"4.1",268,"細田直人","橫濱アニメーションラボ","冒險","奇幻",NULL,NULL,NULL,NULL,"遊戲改編","新作"
"小碧藍幻想！",232000,19333,"2020","秋番",12,"4.7",494,"森井ケンシロウ","DMM.futureworks、W-Toon Studio","冒險","奇幻","魔法","喜劇","泡麵番",NULL,"遊戲改編","新作"
"咒術迴戰",22381000,932542,"2020","秋番",24,"4.9",20200,"朴性厚","MAPPA","動作","奇幻","超能力","校園","血腥暴力","靈異神怪","漫畫改編","新作"
"黃金神威 第三季",1266000,105500,"2020","秋番",12,"5",3871,"難波日登志","Geno Studio","動作","冒險","料理","歷史",NULL,NULL,"漫畫改編","續作"
"半妖的夜叉姬",1663000,69292,"2020","秋番",24,"3.7",1750,"佐藤照雄","SUNRISE","冒險","靈異神怪",NULL,NULL,NULL,NULL,"漫畫改編","續作"
"D4DJ First Mix",381000,27214,"2020","秋番",14,"4.9",1190,"水島精二","三次元","校園","青春","偶像","音樂",NULL,NULL,"遊戲改編","續作"
"王之逆襲：意志的繼承者",776000,29846,"2020","秋番",26,"4.1",628,"星野真","OLM × SUNRISE BEYOND","冒險","奇幻",NULL,NULL,NULL,NULL,"遊戲改編","新作"
"鐵路浪漫譚",149000,12417,"2020","秋番",12,"4.5",468,"ひらさわひさよし","サエッタ","戀愛","泡麵番",NULL,NULL,NULL,NULL,"遊戲改編","續作"
"彼得・格里爾的賢者時間 Super Extra 年齡限制版",569000,47417,"2022","秋番",12,"4.3",1850,"辰美","WolfsBane×Animation StudiO Seven","奇幻","喜劇","18禁",NULL,NULL,NULL,"漫畫改編","續作"
"土下座跪求給看 年齡限制版",1034000,79539,"2020","秋番",13,"4.5",1725,"永居慎平","アドネロ","動作","喜劇","勵志","18禁",NULL,NULL,"漫畫改編","新作"
"女神宿舍的管理員。 年齡限制版",1127000,112700,"2021","夏番",10,"4.7",2324,"中重俊祐","Asread","校園","喜劇","戀愛","18禁",NULL,NULL,"漫畫改編","新作"
"彼得・格里爾的賢者時間 年齡限制版",1339000,111583,"2020","夏番",12,"4.2",1552,"辰美","Wolfsbane","奇幻","喜劇","18禁",NULL,NULL,NULL,"漫畫改編","新作"
